Date,Source,Customer Feedback (Raw Quote),User ID
15/09/2025,Ticket,"As you‚Äôre always looking within the survey to improve things, would it be a thing to consider like an ‚Äúout of office‚Äù for your astrologers?
I believe when you have like a favorite person who‚Äôs guiding you for quite some time, it might be helpful ü´∂üèº

",8638727
15/09/2025,Ticket,"Again I have too many chats and psychics in my chat who keep writing to me and I am not interested.
Can you please delete all except from following Or maybe easier if again I delete account and start again?I do not want to receive constant messages from the rest - even if they are archived they keep sending messages I do not want to receive. I only want contact with those above and will try those u mentioned.",80508405
15/09/2025,Ticket,Would it be possible to get a timer with the remaining time available on the Nebula App for Android?,30210731
15/09/2025,Ticket,It would be great if crefits showed during the conversations. ,75705983
15/09/2025,Ticket,But I would love to have a certain daily limit or unlimited usage for a monthly fee. Of course regular users can be charged as per minute.   But I am sure your regular customers would love the benefits :-),31477112
15/09/2025,Ticket,"In future, I think it will be great of having a ‚Äústar message‚Äù function, similar to WhatsApp that we could ‚Äústar‚Äù a specific message to read it later, or a search function to put in keywords and able to search for chat record related to those keywords.",34039908
,Ticket,,
15/09/2025,Ticket,"Hey, I think being able to see a timer for how much time has elapsed would be a great improvement moment on the app. Why should on the readers get to know how much time we have. I think that‚Äôs unfair because some actually use that against us customers. They take their time using the time so they can get money out of us and we barely get anything in return. ",34637780
15/09/2025,Interview,From user interwiev - see more in notion - ‚ÄúIt‚Äôs tiring to type‚Ä¶ copy paste does not work‚Ä¶ would be useful to share and delete pictures.‚Äù,27535320
,,,
16/09/2025,Interview,"from the interview: "" have one idea that I think I mentioned before that I have an open membership I pay an amount throughout the month and then I can access the psychic anytime I want without charge on every chat I enter and I think it's costy for me. So I would recommend to 200 or 100 or whatever you find it suitable like an average. So I buy a subscription and then I can access the psychic anytime I want even when I don't have money because I already paid for it. know you know what I'm saying?""",29064537
18/09/2024,Ticket,"What do you think should be improved in a first place? It's very very expensive and the timer is questionable (the minutes are counted down too fast sometimes, you feel a bit cheated). The psychics should also stop using words like 'sweetie, sweetheart, darling, honey' when addressing the clients...it feels cheap and very disingenuous. I hope it is always confidential and an honest service. Not AI or something like that. ",75066433
,,"The psychics should also stop using words like 'sweetie, sweetheart, darling, honey' when addressing the clients...it feels cheap and very disingenuous. I hope it is always confidential and an honest service. Not AI or something like that.  ",
18/09/2025,Ticket,Another function I dislike is that I can't copy and paste my message to another psychic talking about the same issue. I understand the reason behind but that is something I wish the app can improve on. ,24586986
23/07/2025,Ticket,Oh a suggestion that I was thinking of is a search. When I am in the app you‚Äôre not able to save comments. So it would be nice to have a search function.  This is so either you (my self) can locate someone thing I asked to the physic/advisor or they answered to me that wasn‚Äôt saved. Please let me know if this doesn‚Äôt make sense. ,34120456
23/09/2025,Ticket,"There is a problem with the software of Nebula.When I try to reach the psychs and they are busy,it says that you will be connected in 4 minƒ±tes and then waiting and it says 1 minutes.But it takes 1 or 1,5 hours to wait and at last I didn‚Äôt reach them because they are offline. This is a problem.Customer must have an information of the real time that they will wait for or they must know that they can‚Äôt talk today.",23659760
07/10/2025,Ticket,"1.  Show how many credits are left on account while in session.
2.  Longer time to refill credits. 
3.  Being able to delete a reading so you don‚Äôt get unnecessary solicitations from advisors you no longer wish to speak to. 
4. Ability to add screenshots to advisors ",31297074
,,,
,,,
,,,
08/10/2025,Ticket,"I keep trying to connect to talk with Laurelisa - Supportive Guidance, after clicking the link to go next in line and waiting a while, when I go back to the Nebula app, I find that the yellow bar at the bottom has disappeared. I am left with no choice but to click again and keep waiting. It would be far better if I could book a specific time to talk that suited both of us. ",79244705
,Ticket,,
08/10/2025,Ticket,is there still a way to rate a psychic after the reading is done on the profile,34039908
09/10/2025,Ticket,"If I may, I have two suggestions: 1. being able to search for a pshycic by his nameIf I may, I have two suggestions: 2. being able to copy what we have wrote in the chat. Sometimes I need to write again from scratch and I‚Äôm wasting my time. Of course i know that time is something valuable for you, as the more we spend, the more you profit. But that it would make your cliente‚Äô interaction easier ando probably more frequent.",91682629
,,,
20/10/2025,Ticket,"Also, I find it a bit hard to schedule a reading or healing session, even if I agree with Silvia or MysticTara, because the concept on the app is ‚Äúfirst comes first grabs‚Äù - and even if we say at 7pm, I log on and have to wait up to several hours before they are online again - just because they ‚Äúcan‚Äôt‚Äù decline a request - right? Can they see before who is trying  to connect with them?
My point is, it would be really amazing if a booking system feature existed- then I KNOW I actually have a session rather than ‚Äúmaybe‚Äù‚Ä¶",23499030
20/10/2025,Ticket,"How do I remove my credit card details from the system? Currently, I can only add new card ",47402320
22/10/2025,Ticket,"I have been chatting with Laurelisa just now thankfully. However I left the app for a moment to google the meaning of a word she had used, but as soon as I returned she was allocated to a different consultation. As we were right in the middle of a conversation, this is not great. It should be possible to reserve the conversation for a couple of minutes in this scenario 
I look forward to hearing from you when my suggestions have been implemented 
1) scheduling a time to talk with an advisor
2) having a few minutes to leave the app and return without exiting the session 
Tina thanks for the gesture. However the length of time Laurelisa takes over her consultations means keeping the Nebula app open while
I wait for my turn just is not practical. ",79244705
24/10/25,Ticket,"Is there a way to refill credits with a custom amount rather than the presets? Even if there‚Äôs no credit bonus? I just don‚Äôt want to keep charging my account repeatedly because the options are limited. When I could do a single charge of any amount I want. Amounts like $5,$15, $30, $40, $60, $75, $150. Right now it‚Äôs multiple charges of lower or higher amounts to get close to those. Banks also don‚Äôt like seeing the repeated transactions of the same amount and flags it. ",73582093
29/10/25,Ticket,"One of the things that is hard for me when using the Nebula app is the visual display, it doesn't work the best with my eyesight disorder.  The colors on the screen and the letter size make things difficult...I just go slower to gain as much as possible while I am in connection with the experts...I have found that with the pdf's I can gain much more information than without the pdf documents. ",32053443
14/11/25,Ticket,I was never able to delete the Chats from the Account and they were read my someone else. A breach of very private Information. One should be able to delete Chat history which was never an Option at Nebula.,
17/11/25,Ticket,Copy nad paste in chat!!,83979063
17/11/25,Ticket,"Hi Tracy, is it possible to add a copy and paste feature please? Ex from other messages apps into nebula",35465510
17/11/25,Ticket,Voice message would be very good.. ,27535320
17/11/25,Ticket,"I want to add a profile picture for myself. Wish we could do that. We can see our physic‚Äôs face, wish they could see ours. ‚ù§Ô∏èüòÜü•∞

Also, I‚Äôd love a voice command. To be able to talk. ",34781517
,,,
17/11/25,Ticket,A feature I‚Äôd like to see is the ability to download the content of a chat ,6879107
17/11/25,Ticket,It would also be great if you could send photos‚Ä¶. I have wished I could sent screenshots of conversations to the psychic I am speaking to.,80695527
17/11/25,Ticket,"I‚Äôve always wished for an easy way to search and pin old messages. Sometimes you really need to revisit past readings and guidance, and having quicker access to them would make a huge difference.",17738656
19/11/25,Ticket,Hi I wanted to know because I got dyslexia and sometimes I write a message on my phone and want to copy and paste it and you not allowed to copy and paste a message I have to rewrite the message . But other then that I love the site,27000001
19/11/25,Ticket,"I hope you are well. Yes, I haven‚Äôt been online to chat because I am busy with my family. I have been enjoying my experience thus far. The only discrepancy that I have is  when I chat to a psychic, I find it annoying when I can‚Äôt see how much credit I have left in the chat window. ",90024901
2/11/2025,Ticket,"Hi, i would like to merge my eunicebcc@gmail.com with eunicebcc@yahoo,com.sg account pls.",47402320
9/12/2025,Ticket,We already have the Archive option but it would be nice we could simply delete sobre chats,86471552
9/12/2025,Ticket,"Another recommendation it would be great if you could search a physchic easily by name.
Now you have to scroll so many and can only see them if online and not in chat.",94761739
12/12/2025,Ticket,"- What exactly feels better about their ‚Äúquality over quantity‚Äù approach?
Limited amount of psychics.
Their answers are of higher quality and deeper. Several paragraphs which they are rated on typing speed.
- Are there specific features or behaviors their psychics have that stand out?
The psychics don‚Äôt keep reaching out with GPT messages or tapping into my energy with no permission.
- How does the experience feel compared to Nebula - more personal, more curated, more calm?
It‚Äôs anonymous, no account needed and there‚Äôs an option to delete the chat. Payment can be made by Apple so there‚Äôs privacy with the bank.
- And do they have personal managers like we do?
 I don‚Äôt know. Didn‚Äôt use it that much.",82391556
12/28/2025,Ticket,"Why can‚Äôt I completely delete chats I‚Äôve had with some psychics? I can only archive them. I should have the option to permanently delete chats I don‚Äôt want. It would be great if you could provide this feature.

Sometimes I talk to someone and then realize I can‚Äôt establish a good connection with them, so I don‚Äôt want to receive any more messages from that person.",92913786
12/28/2025,Ticket,"And one more thing: why are psychics allowed to have profile photos, but this option is not available for users? Maybe having a photo would help the psychic connect better with the person. They would know who is behind the account and might be able to align better emotionally and energetically with the user, of course, it should be optional. ",92913786
05.01.2026,Ticket,"If you guys end up having a package or a campaign where you can pick one psychic and reserve a spot with them weekly or monthly, I'd be so in! Maybe not for those who wanna go around and try different psychics, but someone like me who has a go-to would so love this!!!",92856163
13.01.2026,Ticket, Also is there a way to let the it guy help us delete the readers we never want to se in the selections and also to delete the chats we never want to se instead of archiving only ,30895010
14.01.2026,Ticket,"Hello. Thank you for your response. There must be a way to remove the extra credit cards on the account. When I added them I was not aware that I can‚Äôt delete them.

I should be able to take out information I don‚Äôt want know the file anymore.",37690935
23.01.2026,Interview,"It would be nice if the users could also have pictures on their profiles, because they (psychics) are just talking to an automatic bot...it kind of feel very impersonal sometimes.",75559012
27.01.2026,Ticket,"Also if the customer could add their photos. For the readers.  It maybe more fun. Only whoever had contacted with the clients whom could see the profile picture üòú. 

The readers wont mixed up the clients.",49902025
27.01.2026,Ticket,"Another option that you haven't updated yet was copy-paste, the rest is better.",34299190
20/11/2025,Quiz,"I like audio calls . You could also allow sending s√Æmple messages instead of putting in queue as time to time I only want to send a message or reply to theirs. 

Copy-paste would also be helpful . 
Or sharing photos . ",32947586
20/11/2025,Quiz,"I tried audiocalls, it was good but wish they could last longer and that there could be opportunities to win credits on Holidays. ",92272219
20/11/2025,Quiz,They are ok but I prefer chat ,90409012
20/11/2025,Quiz,"I did try audio calls once. I did like talking to the medium, it felt more real than it already does. ",91802068
20/11/2025,Quiz,"Yes, I did! 

Its great. Save times but the thing is, the connection is really bad.",84477888
20/11/2025,Quiz,"I have not tried but that's is a good feature to have instead of typing. 
",37882511
20/11/2025,Quiz,No I haven‚Äôt does it go for all psychics,34955518
20/11/2025,Quiz,No i have not tried the audiocall,90025998
20/11/2025,Quiz,Yes the experience was really good it felt nice ,89731156
20/11/2025,Quiz,I have not tried audio calls but I definitely look forward to using it. ,90505396
20/11/2025,Quiz,I have not tried audio calls yet. This is something I might be interested in trying i the future. ,89499273
20/11/2025,Quiz,"I tried it once and the call never went through and I lost credits in the process, but I got them back after speaking to support. ",84307729
20/11/2025,Quiz,Excellent News. I didn‚Äôt try it yet but i will do it as soon as possible.,76460075
20/11/2025,Quiz,Yes I have tried them. Sometimes they are ok but writing is a little more comfortable.,76494156
20/11/2025,Quiz,I tried but it wasn‚Äôt working was disappointing:(,91739791
20/11/2025,Quiz,"no I haven‚Äôt, but I may give it a try. ",80237893
20/11/2025,Quiz,Not yet but will give it a try :),35551625
20/11/2025,Quiz,"Yes, I have tried the audio calls. Some of them have been good and some of them have been bad because sometimes it‚Äôs hard to understand them because of the broken English, which I‚Äôm not used to so most of the time I just do the message back-and-forth.",76016583
20/11/2025,Quiz,"Yes I have, it works super great in my opinion. Really nice option rather than on texting basis.",83974329/2349903
20/11/2025,Quiz,Not really a fan of the calls,90936543
20/11/2025,Quiz,no,83070927
20/11/2025,Quiz,"No, I have not.  But will soon",81110566
20/11/2025,Quiz,No I have not and not sure if I would ,36626006
20/11/2025,Quiz,"Hello I have done 1 audio call 
I really like audio calls as I feel it‚Äôs a better connection with less issues and you are able to get more information back and forth between parties a lot quicker then reading a text  - however due to my life it‚Äôs easier for my to text  I would appreciate the credits very much ",10073023
20/11/2025,Quiz,Yeah I‚Äôve had one before. It was nice. I felt like it made the experience more personal! And it was nice to know I was talking to a human and not a computer!,89288436
20/11/2025,Quiz,I have tried it last time but would like to try it again,87987398
20/11/2025,Quiz,I have not but I will try it ,87859868
20/11/2025,Quiz,"I havent been able to access it, but i would love to soon!",83230380
20/11/2025,Quiz,I tried audio maybe a month ago. But the quality was not good. I couldnt hear the psychic so I stayed with messaging ,88736295
20/11/2025,Quiz,No i have not tried it yet but will surely do.,90227705
20/11/2025,Quiz,Hi I‚Äôve seen it have not tried it yet. But will like to think it will be better to talk very convenience. I‚Äôll try for sure.,90052324
20/11/2025,Quiz,Yes Ive tried it.. I find it to be more efficient for the money because you get faster responses and more fluent conversations,76117626
21/11/2025,Quiz,"Yes I have. It was pretty impressive. I thought it connected quite quickly and the quality was great. I was hoping this feature would be added.
",33855505
21/11/2025,Quiz,Yep.I tried that one with Alastor the Sage.It was a good experience.,80538493
-,-,"It was one of the psychics. He would be minimal, vague and confusing and I would waste money trying to explain my frustration to him more so than the helpful reading.",8368882
-,-,Sometimes I feel like answers take a long time or don‚Äôt really come at all,24362713
-,-,"Some readings are contradictory and most of predictions don‚Äôt ressonate wi to reality. With time passing I have been checking that there is bo accuracy at all in most readings, nothing becomes truth",9209935
-,-,Some chats don‚Äôt give enough clarity and let time run out,35034587
-,-,Vague replies,22097552
-,-,2 of the psychics didn‚Äôt answer all my questions,32452446
-,-,AI generated answers by few psychics ..mostly Indian psychics,30593258
-,-,just same remarks comming up again and again and no costume feedback,77826249
-,-,Said one thing but another happened,32724246
-,-,Sometimes some of the psychics I was interacting with want to get psychological or spiritual with me. That‚Äôs not what I am looking for in this platform. I am looking for those who can ‚Äúsee‚Äù things that I cannot,29686796
-,-,When you tell an advisor they don‚Äôt resonate and then get very rude,31297074
-,-,He wasn‚Äôt accurate,76237380
-,-,"Ambigue information, very general",27986770
-,-,Some readers take a really long time answering,82136262
-,-,"Chat freezes, psychics do not answer questions or give answers not complete
Chat freezes, buying credits is difficult because of inconsistent promotions",29485205
-,-,Sometimes took long time to get answers and the money run out without information or answers.,22865525
-,-,"Very vague statement over and over
Not detailed",78090179
-,-,Stella Sage took forever to respond to my questions. I felt she didn‚Äôt properly address anything,#N/A
-,-,Accuracy of the predictions,32511176
-,-,The psychic got logged out by the app in the middle of a reading.,79952355
-,-,"sometimes tech issues, I've had issues with some of the readers as well",35563619
-,-,Misunderstanding of the intent of what is being relayed.,34637780
-,-,You can tell advisors are using auto prompt messages because they‚Äôre often the same across advisors,27786291
-,-,Some of them take more than 3-4 mins to reply,61954030
-,-,"Some reader s guide doesn‚Äôt correct
Some readings are not correct",49902025
-,-,The person I was chatting with kept asking the same question over and wasted time,23462875
-,-,Some psychic tells me that my POI will not reach out in months but they actually reach out within week,91561136
-,-,Sometimes we need to repeat the question,83642710
-,-,The psychics were not right,19159555
-,-,"Sometimes the messages feels a bit more cryptic than direct. Like even if it's a feel or something vague, a bit more direction is nice.",56069332
-,-,"no copy paste feature. also, i tend to get disconnected",30741099
-,-,Chat had many glitches where the line up to chat for an astrologer would take funds from the account even though the chat was not connected,21429791
-,-,Sometimes they are not clear about what I ask,35666183
-,-,Sometimes the typing takes long for the psychic,29506153
-,-,Sometimes the service does  not show Im connected and credits get deducted anyway,28558798
-,-,I felt the psychic was not understanding to how I was feeling and my stance and I felt he was harsh,27680332
-,-,The psychics took a while to reply and was wondering if it is due to network connection issues or she is just taking time to.read.,31030033
-,-,Keep repeating the same things,33538291
-,-,"I understand the advisors need to be paid for their services. I truly do. I just find that the chats and the credits and timing don‚Äôt always quite add up. I have came across a lot of advisors that have taken 3 to 5 minutes to answer which for some people, they save up for three minutes or five minute time And unfortunately, some advisors won‚Äôt continue their answers When the chat disconnects",10073023
-,-,I‚Äôve had a few bad experiences with advisors. Using scare tactics and negative messages to get me to chat and spend money. I‚Äôve learned to ignore them and don‚Äôt respond.,23075341
-,-,I felt like the reading was off and different from other readings,22551468
-,-,Readers don‚Äôt read my intentionally clarified needs and my questions clearly at all and keep giving wrong and unreliable answers that is totally waste,30895010
-,-,One prediction was not relevant to reality,33256107
-,-,"Difficult to find the good medium,  Some mediums are much more competent than others",28633260
-,-,Same questions answered the same over and over.,33538291
-,-,I really like Muaz but i was so hoping that he could help me get back together with my twin flame. This has not happened yet. We have done alot of work together on this.,35409293
-,-,"Given specific dates or timelines that never materialized, chat feature sometimes has glitches and you‚Äôre still on hold and can‚Äôt reply but the reader is replying to you so your credits are all gone before being able to respond.",66240138
-,-,At times when you asked a question and get an answer sometimes it doesn‚Äôt be accurate and you have to question yourself about it. But not all the time they tell you what they want you to hear.,34908730
-,-,"A. One time I felt offended in a conversation, like the psychic had a personal opinion on the situation. 
B. Yellow banners issue 
C. When you start a conversation and at the moment you send your message, when your psychic goes to busy, you‚Äôll have to connect and spend credits twice. (Liked the part where you had them ‚Äúreserved‚Äù for some seconds)",8638727
-,-,I never heard from my ex as much as she was supposed to reach out to me according to the read.,75927902
-,-,"I think English is not the first language for some of the astrologers, which makes it difficult to understand what they mean.",10528458
-,-,The readings are not mirroring the real life events,33775860
-,-,Something there are longer wait periods than normal. Sometimes 5-10 minutes between communication,32568950
-,-,Sometimes advisors don‚Äôt give direct answers and try to extend the time as much as possible,35132999
-,-,Phsycic took her time responding causing my minutes to drain & was misleading,31473368
-,-,"None of the predictions worked out. I was always waiting for something to happen and when didnt, some story was made",36940558
-,-,Some of tellers feels as automated AI responses,82493718
-,-,There are issues with the listing of certain psyhic's cost credit per minute.  Some are listed as 30 credits but you burn through credits in no time.  There have also been glitches where you don't connect but credits are used and some psychics take a very long time to answer or answer two words then you have to wait and then two more words.,33828133
-,-,Sometimes it sis like ther person is angry or upset or jsut not into it or they try to go slow to cost more minutes,30484545
-,-,I occasionally had a feeling that it was chatGPT answering not a real person,35551625
-,-,"Personally, I suddenly received a lot of hope from someone, and that didn't feel right to me. Because I was firmly convinced that more time needed to pass. I don't like being fooled. So then I started to have doubts about everything.",92370980
-,-,Predictions of events by certain dates were repeatedly inaccurate or never occurred.,35541752
-,-,Different answers from advisers,92986551
-,-,Language barrier and app glitches,77787907
-,-,In the past a psychic or 2 calling me or the people involved in my readings by the wrong names,76913858
-,-,One that I talked to the most was wife of Jupiter kiffany and she was amazing ! She was thorough and explains it on the dot. But the other psychics I‚Äôve reached out there were not giving me anything that I found relevant. One kept giving me one work answer and the other kept messaging me and pulled out a tarot card without me saying yes to her doing it. But overall I love wife of Jupiter kiffany a lot.,83412347
-,-,sometime they change dates for one day to the next,77185371
-,-,I had one situation where the individual could not speak my native tounge English very well and the answers I got were not comprehensive nor coherent,37663184
-,-,I feel like the reader seems to be giving mix signals. The reading seems inconsistent,32325185
-,-,Conflicting readings,79185325
-,-,Some are using chat gpt :'),25976624
-,-,There's a lot of conflicting information and when things don't occur as predicted - an excuse,36310851
-,-,Waiting too long for replies,83944392
-,-,Connection - advisors taking a long time to join even though the clock was ticking - delayed response time,92382243
-,-,Language barrier,77787907
-,-,Wait time for responses too long.  Too many unnnecessary questions asked to take away one's credits.  Questions not answered and other questions posed to you,88230125
-,-,I felt like some of the psychics were bots and couldn't communicate clearly in my preferred language.,31413685
-,-,"There are a lot of psychics that took a long time to answer and the answer after long time like yes and no without further more information. The answer that I don‚Äôt wanted to hear like they tried to give understanding of my situation and take a lot of time to texting only to calming me down without answering my questions since the time in Nebula is really precious and it cost money. I don‚Äôt wanted to hear that they are sorry for my situation etc, we need the quick and precises answer. I know they are also a human that sometimes take a time to read the cards but the answer by some psycichs were annoyed.",24374827
-,-,"Some of them talk in riddles. It is not clear what they are telling me.
Some psychics visions are different than others. Their visions are not what is really happening",35916761
-,-,"Sometimes the approaches of the advisors seems like it‚Äôs best commercial or gimmicky (not saying it is), but the automated messages come off as disingenuous",75294347
-,-,Glitches and some chats not being able to be delivered when the advisor is online.,33385100
-,-,Some of the advice wasn‚Äôt exactly clear or helpful,57533140
-,-,The responses from the tarot readers sometimes are not real or genuine so you start to stop speaking with those ones. Also they give sometimes one line responses for your question and Payment issue which doesn't justify it.,34351777
-,-,Chat time working and messages no going through,77668265
-,-,"Met some advisor who weren‚Äôt clear with their readings or giving very vague basic readings and not answering my questions or concerns
why it doesnt allow ""copy & paste""",35344581
-,-,Having the app in multi window on phone and the chat closing,75811270
-,-,The typing lags so it takes longer to get a question out,88736295
-,-,Liegt nicht alles an der Wahrheit der Vorrausseheung,91157794
-,-,"sometimes when my time is running out but I have one last question. You can see the counselor that they are typing an answer but won't send the response because the money has run out. however, by the next time that I have time to get back to the same counselor they have moved on and I don't get my answer. Why can't they just finish the last question and answer it... ?",23392076
11/13/2025 19:54:00,Quiz,The chat blocked and my credits was gone. Also some guidances take to long to awsner,-
11/13/2025 19:54:10,Quiz,The app has a lot of technical issues and eating up credits when I wasn‚Äôt connected.,-
11/13/2025 19:54:44,Quiz,sometimes the chat next button is not accurate with its waiting time and sometimes it can take an hour and all of a sudden you lost your spot although you did not cancel it; the one minute waiting time after receiving a notification is delayed and you also risk coming too late and losing your spot.,-
11/13/2025 19:55:09,Quiz,No,-
11/13/2025 19:55:57,Quiz,Hard to find the names of psychics. Wish there was a search button,-
11/13/2025 19:56:24,Quiz,Sometimes the internet is shakey and it leads to a loss in time with the advisor and less credits,-
11/13/2025 19:57:20,Quiz,Some network issues in the middle of a chat . Tje credits gets used eaven though The conversation brakes due to network issues.,-
11/13/2025 19:57:22,Quiz,"Being able to track converstaion token totals, and purchases...there is no place to double check against CC charges.",-
11/13/2025 19:57:36,Quiz,"Its the refill of 2500 credit, there should be a button that you can select that says your not interested.",-
11/13/2025 19:58:02,Quiz,"None of the predictions worked out. I was always waiting for something to happen and when didnt, some story was made",-
11/13/2025 19:58:23,Quiz,"Constant connection issues 
Credits vaporizing 
Huge delays in replies",-
11/13/2025 19:58:25,Quiz,My chat has been experiencing some issues where my advisors are disappearing and I can‚Äôt contact them. I did report it recently,-
11/13/2025 19:58:26,Quiz,Sometimes there has been technical errors where I can‚Äôt enter the chat even though I was in line and then when I get to the point of entering the chat maybe 1 minute has been spent,-
11/13/2025 19:58:41,Quiz,"Quite regularly, the platform has lags, all the messages come at once, or the queue does not work",-
11/13/2025 19:58:47,Quiz,Some of tellers feels as automated AI responses,-
11/13/2025 19:58:50,Quiz,There are issues with the listing of certain psyhic's cost credit per minute.  Some are listed as 30 credits but you burn through credits in no time.  There have also been glitches where you don't connect but credits are used and some psychics take a very long time to answer or answer two words then you have to wait and then two more words.,-
11/13/2025 19:58:56,Quiz,Sometimes it sis like ther person is angry or upset or jsut not into it or they try to go slow to cost more minutes,-
11/13/2025 19:59:52,Quiz,"When you run low on credits, it prompts you to pay to add more credits, but it always defaults to your last payment amount. For example, if I paid $9.99 and then my credits run low, it wants me to pay another $9.99. It would be helpful if it didn't automatically default to the last amount paid and let me choose from $9.99, $24.99, or $99.99.",-
11/13/2025 19:59:54,Quiz,I occasionally had a feeling that it was chatGPT answering not a real person,-
11/13/2025 19:59:57,Quiz,"Personally, I suddenly received a lot of hope from someone, and that didn't feel right to me. Because I was firmly convinced that more time needed to pass. I don't like being fooled. So then I started to have doubts about everything.",-
11/13/2025 20:00:20,Quiz,Predictions of events by certain dates were repeatedly inaccurate or never occurred.,-
11/13/2025 20:00:51,Quiz,Sometimes annoying sending a message,-
11/13/2025 20:01:00,Quiz,It may be my phone but I dont get notifications from the app or email or text when our favorite are on line but I do love that it shows their schedules so it helps,-
11/13/2025 20:02:15,Quiz,"Sometimes there are issues with connectivity. As well as, if an advisor is ""busy"", vs ""chat next"", the system will automatically NOT notify you of when they are ready. You have to keep refreshing, and then when you get bumped to ""chat next"" status, you have to click on it to finally be in line. The 'busy"" option seems to be for when you are NOT next in line. But the problem is, sometimes the advisor will be in the room the minute the text notification is sent, and even if I get in the room in less than 1 minutes, they have already been pulled into another chat with someone else.",-
11/13/2025 20:02:20,Quiz,Chat next inconsistently pops up. Sometimes I have to wait 2 hours for it to pop up,-
11/13/2025 20:02:44,Quiz,When I had problems entering the conversation even when Amelia accept me,-
11/13/2025 20:03:10,Quiz,Different answers from advisers,-
11/13/2025 20:04:19,Quiz,It makes me uncomfortable that I cannot delete chats or get rid of psychics from my profile.,-
11/13/2025 20:04:28,Quiz,Language barrier and app glitches,-
11/13/2025 20:04:47,Quiz,In the past a psychic or 2 calling me or the people involved in my readings by the wrong names,-
11/13/2025 20:05:05,Quiz,One that I talked to the most was wife of Jupiter kiffany and she was amazing ! She was thorough and explains it on the dot. But the other psychics I‚Äôve reached out there were not giving me anything that I found relevant. One kept giving me one work answer and the other kept messaging me and pulled out a tarot card without me saying yes to her doing it. But overall I love wife of Jupiter kiffany a lot.,-
11/13/2025 20:05:11,Quiz,Just random glitches or unexpected like chat ended notices etc,-
11/13/2025 20:05:12,Quiz,chatnext function,-
11/13/2025 20:05:18,Quiz,sometime they change dates for one day to the next,-
11/13/2025 20:05:29,Quiz,Auto Debit for top up my credit,-
11/13/2025 20:05:38,Quiz,"Sometimes glitches, it froze, it kicked me out of chats and the worse of all, sometimes it keeps loading and doesn‚Äôt allow me to access my chats. So it makes me lose credits and I can‚Äôt even see the advisors answers",-
11/13/2025 20:06:21,Quiz,sometimes the apps crash,-
11/13/2025 20:07:02,Quiz,"You can‚Äôt copy and paste in the app, and sometimes it freezes up.",-
11/13/2025 20:07:09,Quiz,I had one situation where the individual could not speak my native tounge English very well and the answers I got were not comprehensive nor coherent,-
11/13/2025 20:09:09,Quiz,Sometimes I‚Äôm ‚Äúconnected‚Äù but I‚Äôm unable to view what the reader is typing and vice versa,-
11/13/2025 20:09:21,Quiz,I feel like the reader seems to be giving mix signals. The reading seems inconsistent,-
11/13/2025 20:10:25,Quiz,Conflicting readings,-
11/13/2025 20:10:37,Quiz,Some are using chat gpt :'),-
11/13/2025 20:10:53,Quiz,In the app you can‚Äôt save messages. I also didn‚Äôt receive texts when the person was available after waiting.,-
11/13/2025 20:11:04,Quiz,I can‚Äôt stand it when you say 4 minutes and it counts down to 1 minute. I have waited an hour after that 2 minutes before anyone came online,-
11/13/2025 20:13:42,Quiz,When the connection drops out when it's my turn to chat and I can't answer my advisor,-
11/13/2025 20:14:54,Quiz,The wait feature and notification feature,-
11/13/2025 20:15:25,Quiz,There's a lot of conflicting information and when things don't occur as predicted - an excuse,-
11/13/2025 20:15:35,Quiz,Messages getting longer to delivered 2-3 minutes tech issue interruption unnecessary credit deductions,-
11/13/2025 20:18:46,Quiz,2-3 minutes messages taking to get delivered credits getting deducted,-
11/13/2025 20:22:17,Quiz,Waiting too long for replies,-
11/13/2025 20:22:39,Quiz,Connection - advisors taking a long time to join even though the clock was ticking - delayed response time,-
11/13/2025 20:23:13,Quiz,Language barrier,-
11/13/2025 20:23:43,Quiz,Wait time for responses too long.  Too many unnnecessary questions asked to take away one's credits.  Questions not answered and other questions posed to you,-
11/13/2025 20:24:22,Quiz,I felt like some of the psychics were bots and couldn't communicate clearly in my preferred language.,-
11/13/2025 20:24:28,Quiz,"I hate the way the chat just abruptly interrupts the meeting without warning. There's no clock to show the balance of minutes. It just cuts you off, like holding your chat hostage unless you pony up money. ",-
11/13/2025 20:28:27,Quiz,Abrupt endings to chats are very frustrating!,-
11/13/2025 20:32:32,Quiz,"Have had several technical issues - not working at all, not updating read messages statuses. Also one chat itself was very bad and did report it",-
11/13/2025 20:32:56,Quiz,Frequent issues. Delays. The notification alert never works and I reported it.,-
11/13/2025 20:36:18,Quiz,Some bug on names,-
11/13/2025 20:36:39,Quiz,"There are a lot of psychics that took a long time to answer and the answer after long time like yes and no without further more information. The answer that I don‚Äôt wanted to hear like they tried to give understanding of my situation and take a lot of time to texting only to calming me down without answering my questions since the time in Nebula is really precious and it cost money. I don‚Äôt wanted to hear that they are sorry for my situation etc, we need the quick and precises answer. I know they are also a human that sometimes take a time to read the cards but the answer by some psycichs were annoyed.",-
11/13/2025 20:36:53,Quiz,Some of them talk in riddles. It is not clear what they are telling me.,-
11/13/2025 20:43:11,Quiz,Some psychics visions are different than others. Their visions are not what is really happening,-
11/13/2025 20:43:32,Quiz,"Sometimes the approaches of the advisors seems like it‚Äôs best commercial or gimmicky (not saying it is), but the automated messages come off as disingenuous",-
11/13/2025 20:46:55,Quiz,Auto log-out half way through a chat,-
11/13/2025 20:48:38,Quiz,Glitches and some chats not being able to be delivered when the advisor is online.,-
11/13/2025 20:48:54,Quiz,Some of the advice wasn‚Äôt exactly clear or helpful,-
11/13/2025 20:57:16,Quiz,The responses from the tarot readers sometimes are not real or genuine so you start to stop speaking with those ones. Also they give sometimes one line responses for your question and payment which doesn't justify it.,-
11/13/2025 21:01:28,Quiz,Chat time working and messages no going through,-
11/13/2025 21:01:51,Quiz,Met some advisor who weren‚Äôt clear with their readings or giving very vague basic readings and not answering my questions or concerns,-
11/13/2025 21:05:47,Quiz,Having the app in multi window on phone and the chat closing,-
11/13/2025 21:07:22,Quiz,"The earlier astrologers felt way too correct, intuitive and informative. not the case with current ones.",-
11/13/2025 21:07:55,Quiz,Some sessions have been great..good insight and depth on the questions I seek,-
11/13/2025 21:14:08,Quiz,Frequent in ability to connect. It would say the advisor is available (purple dot) but then not connect with the person.   Or there will be an orange dot but sometimes can chat next and wait on the queue but sometimes will only let u leave messages as if they are off line but I get charged unlike being able to leave a message if offline,-
11/13/2025 21:26:29,Quiz,Sometimes when i press the chat next button it says i cant join bc someone else is in line and if i wait a bit then i can join. Idk if thats a feature (like too many people were in line) or smth else,-
11/13/2025 21:31:40,Quiz,The typing lags so it takes longer to get a question out,-
11/13/2025 21:50:22,Quiz,They had answer like slowly and don‚Äôt give the straight answer,-
11/13/2025 22:02:23,Quiz,"Sometimes i am having troubles with chats about joining or sending messages, its just a bug i encounter sometimes, but the app is not confusing, its great‚ù§Ô∏è",-
11/13/2025 22:03:22,Quiz,Liegt nicht alles an der Wahrheit der Vorrausseheung,-
11/13/2025 22:04:04,Quiz,"sometimes when my time is running out but I have one last question. You can see the counselor that they are typing an answer but won't send the response because the money has run out. however, by the next time that I have time to get back to the same counselor they have moved on and I don't get my answer. Why can't they just finish the last question and answer it... ?",-
11/13/2025 22:30:22,Quiz,"why it doesnt allow ""copy & paste""",-
03/12/2025,Ticket,"I‚Äôve been saving up the cashback with the plan to eventually make a substantial transfer back into my credits, so I wanted to share a suggestion that could add value for both users and the platform.

The 3% is definitely helpful, but when you consider it in the context of frequent high-value purchases, like the $99.99 transactions many of us make, the benefit is still quite small. Users who purchase often, myself included, engage with the app extensively, and I think there‚Äôs a great opportunity to recognise and further encourage that loyalty.

One idea could be a tiered loyalty cashback system, for example:
After three purchases, the cashback percentage could increase;
After five purchases, it could increase again;
And for users who reach ten purchases, an enhanced reward could apply, such as receiving 2,700 additional free credits after making a $99.99 purchase. This would be a bonus on top of the purchase, not replacing the standard credits.
Even small increases like these would make a meaningful difference for users who consistently support the platform, while still being minimal compared to the overall spend. It would genuinely feel like value being added back to loyal users and would continue encouraging long-term engagement.
Copy-paste would also be helpful . 
Or sharing photos . ",19711319
31/12/2025,Ticket,"I just bought some credits to speak with an advisor and specified the card I wanted to use, and then it bumped me up to 99.90$ without my consent AGAIN  and used my main account which I didn't want money deducted from!
This is such a nightmare using this service
That is why I prefer Mysticsense platform you literally have more control and they never take funds out of your account.  ",32253104
27/01/2026,Ticket,"I love it! When can we add our profile picture as well? Can you put in my suggestion?  

Thanks üòä üí´
",34781517